{
  "oldParams": true,
  "wave_type": 3,
  "p_env_attack": 0.108,
  "p_env_sustain": 0.113,
  "p_env_punch": 0.34643707418072345,
  "p_env_decay": 0.15582741054269464,
  "p_base_freq": 0.872612600379413,
  "p_freq_limit": 0,
  "p_freq_ramp": 0,
  "p_freq_dramp": 0,
  "p_vib_strength": 0,
  "p_vib_speed": 0,
  "p_arp_mod": 0.2530812603462461,
  "p_arp_speed": 0.8295446093186789,
  "p_duty": 0,
  "p_duty_ramp": 0,
  "p_repeat_speed": 0.775046681745746,
  "p_pha_offset": 0.04026373019502999,
  "p_pha_ramp": -0.09643035940398455,
  "p_lpf_freq": 1,
  "p_lpf_ramp": 0,
  "p_lpf_resonance": 0,
  "p_hpf_freq": 0.9148659404358617,
  "p_hpf_ramp": 0,
  "sound_vol": 0.25,
  "sample_rate": 44100,
  "sample_size": 8
}